-- MySQL Script generated by MySQL Workbench
-- Wed Jul 19 17:23:02 2017
-- Model: New Model    Version: 1.0
-- MySQL Workbench Forward Engineering

SET @OLD_UNIQUE_CHECKS=@@UNIQUE_CHECKS, UNIQUE_CHECKS=0;
SET @OLD_FOREIGN_KEY_CHECKS=@@FOREIGN_KEY_CHECKS, FOREIGN_KEY_CHECKS=0;
SET @OLD_SQL_MODE=@@SQL_MODE, SQL_MODE='TRADITIONAL,ALLOW_INVALID_DATES';

-- -----------------------------------------------------
-- Schema topoftheorderdb
-- -----------------------------------------------------
DROP SCHEMA IF EXISTS `topoftheorderdb` ;

-- -----------------------------------------------------
-- Schema topoftheorderdb
-- -----------------------------------------------------
CREATE SCHEMA IF NOT EXISTS `topoftheorderdb` DEFAULT CHARACTER SET utf8 ;
USE `topoftheorderdb` ;

-- -----------------------------------------------------
-- Table `topoftheorderdb`.`user`
-- -----------------------------------------------------
CREATE TABLE IF NOT EXISTS `topoftheorderdb`.`user` (
  `id` INT NOT NULL AUTO_INCREMENT,
  `username` VARCHAR(45) NOT NULL,
  `password` VARCHAR(45) NOT NULL,
  PRIMARY KEY (`id`),
  UNIQUE INDEX `username_UNIQUE` (`username` ASC))
ENGINE = InnoDB;


-- -----------------------------------------------------
-- Table `topoftheorderdb`.`team`
-- -----------------------------------------------------
CREATE TABLE IF NOT EXISTS `topoftheorderdb`.`team` (
  `id` INT NOT NULL AUTO_INCREMENT,
  `mascot` VARCHAR(45) NULL,
  `user_id` INT NOT NULL,
  PRIMARY KEY (`id`, `user_id`),
  INDEX `fk_team_user1_idx` (`user_id` ASC),
  CONSTRAINT `fk_team_user1`
    FOREIGN KEY (`user_id`)
    REFERENCES `topoftheorderdb`.`user` (`id`)
    ON DELETE NO ACTION
    ON UPDATE NO ACTION)
ENGINE = InnoDB;


-- -----------------------------------------------------
-- Table `topoftheorderdb`.`season`
-- -----------------------------------------------------
CREATE TABLE IF NOT EXISTS `topoftheorderdb`.`season` (
  `id` INT NOT NULL AUTO_INCREMENT,
  `team_id` INT NOT NULL,
  `year` VARCHAR(45) NULL,
  `period` VARCHAR(45) NULL,
  PRIMARY KEY (`id`, `team_id`),
  INDEX `fk_season_team1_idx` (`team_id` ASC),
  CONSTRAINT `fk_season_team1`
    FOREIGN KEY (`team_id`)
    REFERENCES `topoftheorderdb`.`team` (`id`)
    ON DELETE NO ACTION
    ON UPDATE NO ACTION)
ENGINE = InnoDB;


-- -----------------------------------------------------
-- Table `topoftheorderdb`.`game`
-- -----------------------------------------------------
CREATE TABLE IF NOT EXISTS `topoftheorderdb`.`game` (
  `id` INT NOT NULL AUTO_INCREMENT,
  `opponent` VARCHAR(45) NULL,
  `season_id` INT NOT NULL,
  `date` VARCHAR(45) NULL,
  PRIMARY KEY (`id`, `season_id`),
  INDEX `fk_game_season1_idx` (`season_id` ASC),
  CONSTRAINT `fk_game_season1`
    FOREIGN KEY (`season_id`)
    REFERENCES `topoftheorderdb`.`season` (`id`)
    ON DELETE NO ACTION
    ON UPDATE NO ACTION)
ENGINE = InnoDB;


-- -----------------------------------------------------
-- Table `topoftheorderdb`.`player`
-- -----------------------------------------------------
CREATE TABLE IF NOT EXISTS `topoftheorderdb`.`player` (
  `id` INT NOT NULL AUTO_INCREMENT,
  `first_name` VARCHAR(45) NULL,
  `last_name` VARCHAR(45) NULL,
  `number` INT NULL,
  PRIMARY KEY (`id`))
ENGINE = InnoDB;


-- -----------------------------------------------------
-- Table `topoftheorderdb`.`player_team`
-- -----------------------------------------------------
CREATE TABLE IF NOT EXISTS `topoftheorderdb`.`player_team` (
  `player_id` INT NOT NULL,
  `team_id` INT NOT NULL,
  PRIMARY KEY (`player_id`, `team_id`),
  INDEX `fk_player_has_team_team1_idx` (`team_id` ASC),
  INDEX `fk_player_has_player_team1_idx` (`player_id` ASC),
  CONSTRAINT `fk_player_has_player_team1`
    FOREIGN KEY (`player_id`)
    REFERENCES `topoftheorderdb`.`player` (`id`)
    ON DELETE NO ACTION
    ON UPDATE NO ACTION,
  CONSTRAINT `fk_player_has_team_team1`
    FOREIGN KEY (`team_id`)
    REFERENCES `topoftheorderdb`.`team` (`id`)
    ON DELETE NO ACTION
    ON UPDATE NO ACTION)
ENGINE = InnoDB;


-- -----------------------------------------------------
-- Table `topoftheorderdb`.`at_bat`
-- -----------------------------------------------------
CREATE TABLE IF NOT EXISTS `topoftheorderdb`.`at_bat` (
  `id` INT NOT NULL AUTO_INCREMENT,
  `game_id` INT NOT NULL,
  `player_id` INT NOT NULL,
  `inning` INT NULL,
  `balls` INT NULL,
  `strikes` INT NULL,
  `out` INT NULL,
  `scored` BOOLEAN NULL,
  PRIMARY KEY (`id`, `game_id`, `player_id`),
  INDEX `fk_frame_game1_idx` (`game_id` ASC),
  INDEX `fk_at_bat_player1_idx` (`player_id` ASC),
  CONSTRAINT `fk_frame_game1`
    FOREIGN KEY (`game_id`)
    REFERENCES `topoftheorderdb`.`game` (`id`)
    ON DELETE NO ACTION
    ON UPDATE NO ACTION,
  CONSTRAINT `fk_at_bat_player1`
    FOREIGN KEY (`player_id`)
    REFERENCES `topoftheorderdb`.`player` (`id`)
    ON DELETE NO ACTION
    ON UPDATE NO ACTION)
ENGINE = InnoDB;


SET SQL_MODE=@OLD_SQL_MODE;
SET FOREIGN_KEY_CHECKS=@OLD_FOREIGN_KEY_CHECKS;
SET UNIQUE_CHECKS=@OLD_UNIQUE_CHECKS;

CREATE USER 'saber'@'localhost' IDENTIFIED BY 'metrics';
GRANT SELECT, INSERT, TRIGGER, UPDATE, DELETE ON TABLE * TO 'saber'@'localhost';

-- -----------------------------------------------------
-- Data for table `user`
-- -----------------------------------------------------
START TRANSACTION;
USE `topoftheorderdb`;
INSERT INTO `user` (`id`, `username`, `password`) VALUES (1, 'jandis', 'password');

COMMIT;

-- -----------------------------------------------------
-- Data for table `team`
-- -----------------------------------------------------
START TRANSACTION;
USE `topoftheorderdb`;
INSERT INTO `team` (`id`, `mascot`, `user_id`) VALUES (1, 'Giants', 1);
INSERT INTO `team` (`id`, `mascot`, `user_id`) VALUES (2, 'Saints', 1);

COMMIT;

-- -----------------------------------------------------
-- Data for table `player`
-- -----------------------------------------------------
START TRANSACTION;
USE `topoftheorderdb`;
INSERT INTO `player` (`id`, `first_name`, `last_name`, `number`) VALUES (1,'Babe','Ruth',11);
INSERT INTO `player` (`id`, `first_name`, `last_name`, `number`) VALUES (2,'Hank','Aaron',22);
INSERT INTO `player` (`id`, `first_name`, `last_name`, `number`) VALUES (3,'Barry','Bonds',33);
INSERT INTO `player` (`id`, `first_name`, `last_name`, `number`) VALUES (4,'Mark','McGuire',44);

COMMIT;

-- -----------------------------------------------------
-- Data for table `player_team`
-- -----------------------------------------------------
START TRANSACTION;
USE `topoftheorderdb`;
INSERT INTO `player_team` (`player_id`, `team_id`) VALUES (1, 1);
INSERT INTO `player_team` (`player_id`, `team_id`) VALUES (2, 1);
INSERT INTO `player_team` (`player_id`, `team_id`) VALUES (3, 2);
INSERT INTO `player_team` (`player_id`, `team_id`) VALUES (4, 2);

COMMIT;

-- -----------------------------------------------------
-- Data for table `season`
-- -----------------------------------------------------
START TRANSACTION;
USE `topoftheorderdb`;
INSERT INTO `season` (`id`, `team_id`, `year`, `period`) VALUES (1,1,2015,'Summer');
INSERT INTO `season` (`id`, `team_id`, `year`, `period`) VALUES (2,2,2016,'Fall');
INSERT INTO `season` (`id`, `team_id`, `year`, `period`) VALUES (3,1,2017,'Winter');
INSERT INTO `season` (`id`, `team_id`, `year`, `period`) VALUES (4,2,2018,'Spring');

COMMIT;

-- -----------------------------------------------------
-- Data for table `game`
-- -----------------------------------------------------
START TRANSACTION;
USE `topoftheorderdb`;
INSERT INTO `game` (`id`, `opponent`, `season_id`, `date`) VALUES (1,'Squirrels',1,'Wed Jul 19 2017 14:57:08 GMT-0700 (PDT)');
INSERT INTO `game` (`id`, `opponent`, `season_id`, `date`) VALUES (2,'Sea Lions',2,'Tues Jul 18 2017 17:57:08 GMT-0700 (PDT)');

COMMIT;

-- -----------------------------------------------------
-- Data for table `at_bat`
-- -----------------------------------------------------
START TRANSACTION;
USE `topoftheorderdb`;
INSERT INTO `at_bat` (`id`, `game_id`, `player_id`, `inning`, `balls`, `strikes`, `out`, `scored`) VALUES (1,1,1,3,3,3,1,0);
INSERT INTO `at_bat` (`id`, `game_id`, `player_id`, `inning`, `balls`, `strikes`, `out`, `scored`) VALUES (2,1,2,6,1,2,NULL,0);
INSERT INTO `at_bat` (`id`, `game_id`, `player_id`, `inning`, `balls`, `strikes`, `out`, `scored`) VALUES (3,1,1,9,2,1,NULL,0);
INSERT INTO `at_bat` (`id`, `game_id`, `player_id`, `inning`, `balls`, `strikes`, `out`, `scored`) VALUES (4,1,2,11,4,0,NULL,0);
INSERT INTO `at_bat` (`id`, `game_id`, `player_id`, `inning`, `balls`, `strikes`, `out`, `scored`) VALUES (5,2,3,2,1,1,NULL,0);
INSERT INTO `at_bat` (`id`, `game_id`, `player_id`, `inning`, `balls`, `strikes`, `out`, `scored`) VALUES (6,2,4,4,0,0,NULL,0);
INSERT INTO `at_bat` (`id`, `game_id`, `player_id`, `inning`, `balls`, `strikes`, `out`, `scored`) VALUES (7,2,3,6,3,3,2,0);
INSERT INTO `at_bat` (`id`, `game_id`, `player_id`, `inning`, `balls`, `strikes`, `out`, `scored`) VALUES (8,2,4,8,0,3,NULL,1);

COMMIT;
